{
  "accuracy": 0.9820627802690582,
  "precision_spam": 0.9271523178807947,
  "recall_spam": 0.9395973154362416,
  "f1_spam": 0.9333333333333333
}